,Title,Product_Url,Price,Colors,Sizes,All image url,Add to cart button
0,Supreme®/Missoni® Reversible Knit Jacket,http://www.supremenewyork.com/shop/jackets/fguclmd1n,"77,000","['Navy""', 'Olive', 'Black']",Null,"['https://d17ol771963kd3.cloudfront.net/223211/sw/1wtUbQB-7V8.jpg', 'https://assets.supremenewyork.com/223212/sw/VeBE2lmLSRM.jpg', 'https://assets.supremenewyork.com/223213/sw/vvurlyzvAng.jpg', 'https://assets.supremenewyork.com/223214/sw/4vUbwn_TN_I.jpg', 'https://assets.supremenewyork.com/223216/sw/EQMG4-ZNOVA.jpg', 'https://d17ol771963kd3.cloudfront.net/223218/sw/XHmeVQvciyQ.jpg', 'https://assets.supremenewyork.com/223219/sw/hYmQe0H3rto.jpg', 'https://assets.supremenewyork.com/223220/sw/iGPB_ku_DIc.jpg', 'https://assets.supremenewyork.com/223221/sw/9u6m9mKud_0.jpg', 'https://assets.supremenewyork.com/223223/sw/rTx9LPzSoCU.jpg', 'https://d17ol771963kd3.cloudfront.net/223204/sw/h872SW11giQ.jpg', 'https://assets.supremenewyork.com/223205/sw/1lynnzQfqkU.jpg', 'https://assets.supremenewyork.com/223206/sw/-nADoLuJDaA.jpg', 'https://assets.supremenewyork.com/223207/sw/OO2NSvT1nhQ.jpg', 'https://assets.supremenewyork.com/223209/sw/9yjQBqW82lk.jpg']",Absent
1,Hooded MA-1,http://www.supremenewyork.com/shop/jackets/bwrdbft9l,"42,900","['Purpl', 'Black', 'Olive']",Null,"['https://d17ol771963kd3.cloudfront.net/216691/sw/peMUcDMJbwU.jpg', 'https://assets.supremenewyork.com/216693/sw/Xhj00Lk-LCc.jpg', 'https://assets.supremenewyork.com/216694/sw/foBDEMj-gW8.jpg', 'https://assets.supremenewyork.com/218937/sw/4yOsiIkAmMk.jpg', 'https://d17ol771963kd3.cloudfront.net/216760/sw/d-PHnG179s8.jpg', 'https://assets.supremenewyork.com/216762/sw/fk28_x1HMto.jpg', 'https://assets.supremenewyork.com/216763/sw/1Szg8XokHac.jpg', 'https://assets.supremenewyork.com/218938/sw/yCvwdhag8Bs.jpg', 'https://d17ol771963kd3.cloudfront.net/216695/sw/fji14sZrWf8.jpg', 'https://assets.supremenewyork.com/216697/sw/b1LotPhDomM.jpg', 'https://assets.supremenewyork.com/216698/sw/gbGfr8A4VX4.jpg', 'https://assets.supremenewyork.com/218936/sw/MJ25wbdda74.jpg']",Absent
2,Micro Down Half Zip Hooded Pullover,http://www.supremenewyork.com/shop/jackets/ii73kf2e9,"35,200","['Leopa', 'Pink""', 'Teal""', 'Dark ', 'Black']",Null,"['https://d17ol771963kd3.cloudfront.net/216951/sw/FyvHihh0OTg.jpg', 'https://assets.supremenewyork.com/216952/sw/x87fGKOFbI4.jpg', 'https://assets.supremenewyork.com/216953/sw/1xhgZyFVC14.jpg', 'https://d17ol771963kd3.cloudfront.net/216954/sw/nFGh9FzY6Ws.jpg', 'https://assets.supremenewyork.com/216955/sw/CLMmTGAY8vg.jpg', 'https://assets.supremenewyork.com/216956/sw/Mc6FzOc_Nfs.jpg', 'https://d17ol771963kd3.cloudfront.net/216957/sw/5QVpI7RTrP0.jpg', 'https://assets.supremenewyork.com/216958/sw/ibtUt2VRWBc.jpg', 'https://assets.supremenewyork.com/216959/sw/sp0CVEt6yBo.jpg', 'https://d17ol771963kd3.cloudfront.net/216948/sw/Iy_SA5tVocw.jpg', 'https://assets.supremenewyork.com/216949/sw/KOCjnhYSxBk.jpg', 'https://assets.supremenewyork.com/216950/sw/OGEdYbajSjE.jpg', 'https://d17ol771963kd3.cloudfront.net/216945/sw/JJSoHNffPD4.jpg', 'https://assets.supremenewyork.com/216946/sw/UsAaqkyembQ.jpg', 'https://assets.supremenewyork.com/216947/sw/4nYzXXtgK-U.jpg']",Absent
3,Christopher Wool/Supreme <br/>Denim Work Jacket,http://www.supremenewyork.com/shop/jackets/cn0desh5r,"33,000","['Black', 'Red"" ']","['Small', 'Medium', 'Large', 'XLarge']","['https://d17ol771963kd3.cloudfront.net/216752/sw/TPQJYGcKPwg.jpg', 'https://assets.supremenewyork.com/216754/sw/UCwkKHxqdXo.jpg', 'https://assets.supremenewyork.com/216755/sw/QmtZ6Lse6DQ.jpg', 'https://d17ol771963kd3.cloudfront.net/216756/sw/tvhsA4vh_c0.jpg', 'https://assets.supremenewyork.com/216758/sw/59ySo_0yqFY.jpg', 'https://assets.supremenewyork.com/216759/sw/Uq-j01hZ23Y.jpg']",Present
4,Featherweight Down Jacket,http://www.supremenewyork.com/shop/jackets/pdhxk8u27,"55,000","['Brown', 'White', 'Purpl', 'Black']",Null,"['https://d17ol771963kd3.cloudfront.net/218992/sw/GnOEcpPNhfA.jpg', 'https://assets.supremenewyork.com/218996/sw/-jOmqg6M02o.jpg', 'https://assets.supremenewyork.com/218995/sw/1IXPqZJKYEk.jpg', 'https://d17ol771963kd3.cloudfront.net/216683/sw/MjVnYImEgXY.jpg', 'https://assets.supremenewyork.com/216688/sw/0qaEaxvHvgA.jpg', 'https://assets.supremenewyork.com/216686/sw/mYGGIMj2bqs.jpg', 'https://d17ol771963kd3.cloudfront.net/216984/sw/bP5Qoqr_94M.jpg', 'https://assets.supremenewyork.com/216989/sw/cG3KfPBehfw.jpg', 'https://assets.supremenewyork.com/216987/sw/gWx3gDWNp6s.jpg', 'https://d17ol771963kd3.cloudfront.net/216977/sw/lHO_emssfss.jpg', 'https://assets.supremenewyork.com/216982/sw/734jDWrIErw.jpg', 'https://assets.supremenewyork.com/216980/sw/XYReQGlpzTQ.jpg']",Absent
5,Support Unit Varsity Jacket,http://www.supremenewyork.com/shop/jackets/jxln9pha5,"55,000","['Light', 'Black']",Null,"['https://assets.supremenewyork.com/216748/sw/JNpUy6z6Bzw.jpg', 'https://assets.supremenewyork.com/216749/sw/OtV1Q6ObADQ.jpg', 'https://assets.supremenewyork.com/216750/sw/C-rdfyGCA6k.jpg', 'https://d17ol771963kd3.cloudfront.net/216745/sw/xbk9Jz9D6F8.jpg', 'https://assets.supremenewyork.com/216746/sw/RPUl17BQTvg.jpg', 'https://assets.supremenewyork.com/216747/sw/WxZew1NDNas.jpg']",Absent
6,Corduroy Zip Jacket,http://www.supremenewyork.com/shop/jackets/m2gkp5scq,"27,500","['Blue""', 'Black', 'Pale ']",Null,"['https://d17ol771963kd3.cloudfront.net/216730/sw/BWk4wj_mZec.jpg', 'https://assets.supremenewyork.com/216732/sw/gl4juo-Z-jg.jpg', 'https://assets.supremenewyork.com/218949/sw/Q5YYyr3km3E.jpg', 'https://d17ol771963kd3.cloudfront.net/216727/sw/sKko6LMoG4o.jpg', 'https://assets.supremenewyork.com/216729/sw/uRIdgsqmELQ.jpg', 'https://assets.supremenewyork.com/218950/sw/WmuJgCqFW7k.jpg', 'https://d17ol771963kd3.cloudfront.net/216733/sw/V11EKZGYVKY.jpg', 'https://assets.supremenewyork.com/216735/sw/1av2q-qOl1Y.jpg', 'https://assets.supremenewyork.com/221612/sw/UkawnhhylNc.jpg']",Absent
7,Celtic Knot Reversible WINDSTOPPER® Fleece Hooded Jacket,http://www.supremenewyork.com/shop/jackets/m9ptaujsz,"35,200","['Grey""', 'Dusty', 'Black', 'Stone']","['Small', 'Medium', 'Large', 'XLarge']",Null,Present
8,Quit Your Job Quilted Work Jacket,http://www.supremenewyork.com/shop/jackets/aprfzklhv,"29,700","['Black', 'Blue""']","['Small', 'Medium']","['https://d17ol771963kd3.cloudfront.net/216852/sw/wQtC6jsTX2w.jpg', 'https://assets.supremenewyork.com/216850/sw/e4hYOAOl1gQ.jpg', 'https://assets.supremenewyork.com/216853/sw/PPLsR2CAGzo.jpg', 'https://d17ol771963kd3.cloudfront.net/216857/sw/OK3Eg7gnX8g.jpg', 'https://assets.supremenewyork.com/216855/sw/pca8kLKfE4E.jpg', 'https://assets.supremenewyork.com/221413/sw/e6ivLRE_ZKQ.jpg']",Present
9,Christopher Wool/Supreme<br/>S/S Shirt,http://www.supremenewyork.com/shop/shirts/olz3o91uj,"22,000","['Red"" ', 'Black']","['Small', 'Medium', 'Large', 'XLarge']","['https://d17ol771963kd3.cloudfront.net/217105/sw/AosrSlrUywQ.jpg', 'https://assets.supremenewyork.com/217106/sw/lOFq2JI7mUk.jpg', 'https://assets.supremenewyork.com/217107/sw/XSGnil1_T5I.jpg', 'https://d17ol771963kd3.cloudfront.net/217102/sw/rXoIY964kLI.jpg', 'https://assets.supremenewyork.com/217103/sw/OY_PEZNfYe8.jpg', 'https://assets.supremenewyork.com/217104/sw/ZeS08wKDgdI.jpg']",Present
10,Thermal Work Shirt,http://www.supremenewyork.com/shop/shirts/y2ldj8h6a,"19,800","['Plaid', 'Work ', 'Dusty', 'Black']",Null,"['https://d17ol771963kd3.cloudfront.net/217136/sw/VhAhsW8ZSBs.jpg', 'https://assets.supremenewyork.com/221606/sw/1t0m0DZqlO8.jpg', 'https://d17ol771963kd3.cloudfront.net/217139/sw/loH0E65jwtE.jpg', 'https://assets.supremenewyork.com/217141/sw/lBjdDxvn83Y.jpg', 'https://d17ol771963kd3.cloudfront.net/217133/sw/dbVHsfk52Gw.jpg', 'https://assets.supremenewyork.com/217135/sw/HucKd_537fs.jpg', 'https://d17ol771963kd3.cloudfront.net/217130/sw/1-qrNUb9kTI.jpg', 'https://assets.supremenewyork.com/217132/sw/RkHyUfRSl2s.jpg']",Absent
11,Supreme®/Missoni® Crusher,http://www.supremenewyork.com/shop/hats/imfnge4za,"15,400","['Black', 'Navy""', 'Olive']",['S/M'],"['https://d17ol771963kd3.cloudfront.net/223199/sw/OSxik5zGeQY.jpg', 'https://assets.supremenewyork.com/223200/sw/WR5laZ774tc.jpg', 'https://d17ol771963kd3.cloudfront.net/223197/sw/I7QKYWmEOJs.jpg', 'https://assets.supremenewyork.com/223198/sw/telw-up7GKQ.jpg', 'https://d17ol771963kd3.cloudfront.net/223201/sw/P6fIw76CFM8.jpg', 'https://assets.supremenewyork.com/223202/sw/Vtn3VW-n_Y8.jpg']",Present
12,Wool Camp Cap,http://www.supremenewyork.com/shop/hats/e6v8ano32,"9,350","['Pink""', 'White', 'Red"" ', 'Blue""', 'Olive', 'Purpl', 'Black']",[],"['https://d17ol771963kd3.cloudfront.net/223272/sw/QeXow8g5Mys.jpg', 'https://assets.supremenewyork.com/223273/sw/a4Jgg9qt_-c.jpg', 'https://d17ol771963kd3.cloudfront.net/223264/sw/DYDUuLoEB3c.jpg', 'https://assets.supremenewyork.com/223265/sw/iRxptoGBmiU.jpg', 'https://d17ol771963kd3.cloudfront.net/223277/sw/NVo086yZIr0.jpg', 'https://assets.supremenewyork.com/223276/sw/N1Dz9GCIzRM.jpg', 'https://d17ol771963kd3.cloudfront.net/223268/sw/EuCOPaJPNa0.jpg', 'https://assets.supremenewyork.com/223269/sw/hli4twtct5M.jpg', 'https://d17ol771963kd3.cloudfront.net/223270/sw/bJOvI1OWadY.jpg', 'https://assets.supremenewyork.com/223271/sw/mmxLVL3Gyas.jpg', 'https://d17ol771963kd3.cloudfront.net/223274/sw/KsN5qz4jX_A.jpg', 'https://assets.supremenewyork.com/223275/sw/srQoKh7dAuk.jpg', 'https://d17ol771963kd3.cloudfront.net/223266/sw/bzeiSAH9QF8.jpg', 'https://assets.supremenewyork.com/223267/sw/haoTNhNuv2w.jpg']",Present
13,Shockcord Camp Cap,http://www.supremenewyork.com/shop/hats/cr9140kxu,"8,800","['Stone', 'Blue""', 'Olive', 'Plum""', 'Black', 'Orang', 'Brown']",Null,"['https://d17ol771963kd3.cloudfront.net/222975/sw/n97Plp5PrkI.jpg', 'https://assets.supremenewyork.com/222976/sw/nGiuMhxGM-Y.jpg', 'https://d17ol771963kd3.cloudfront.net/222987/sw/40QmUTweGxM.jpg', 'https://assets.supremenewyork.com/222988/sw/slpH1IIdUuo.jpg', 'https://d17ol771963kd3.cloudfront.net/222981/sw/E96J_1NVV7Q.jpg', 'https://assets.supremenewyork.com/222982/sw/TY4jlCoUqSw.jpg', 'https://d17ol771963kd3.cloudfront.net/222977/sw/s4uOUeip60M.jpg', 'https://assets.supremenewyork.com/222978/sw/hvi4OzCIc5I.jpg', 'https://d17ol771963kd3.cloudfront.net/222973/sw/_-OFdxlHkfs.jpg', 'https://assets.supremenewyork.com/222974/sw/GpAsbEMV59c.jpg', 'https://d17ol771963kd3.cloudfront.net/222979/sw/RR70jNURItE.jpg', 'https://assets.supremenewyork.com/222980/sw/Jvcolev45U4.jpg', 'https://d17ol771963kd3.cloudfront.net/222985/sw/Oi6dIvhPb9Y.jpg', 'https://assets.supremenewyork.com/222986/sw/ijQsRRm7VxY.jpg']",Absent
14,GORE-TEX Corduroy Classic Logo 6-Panel,http://www.supremenewyork.com/shop/hats/shtecjol6,"8,800","['Green', 'Pink""', 'White', 'Black', 'Rust""', 'Navy""']",Null,"['https://d17ol771963kd3.cloudfront.net/223291/sw/o6cmxfAOOjs.jpg', 'https://assets.supremenewyork.com/223310/sw/iI9qFoIokRs.jpg', 'https://assets.supremenewyork.com/223311/sw/T1j_yiCeQh8.jpg', 'https://d17ol771963kd3.cloudfront.net/217866/sw/52q1m8VTFaA.jpg', 'https://assets.supremenewyork.com/223300/sw/63yRXxkJhHw.jpg', 'https://assets.supremenewyork.com/223301/sw/1JLhSx4NWvo.jpg', 'https://d17ol771963kd3.cloudfront.net/217867/sw/c2zj46fjZ6s.jpg', 'https://assets.supremenewyork.com/223302/sw/p3MQpfDKwlM.jpg', 'https://assets.supremenewyork.com/223303/sw/7dKe0Bcd0w0.jpg', 'https://d17ol771963kd3.cloudfront.net/217864/sw/KRE1jtZrxgI.jpg', 'https://assets.supremenewyork.com/223304/sw/a8CYGywonC8.jpg', 'https://assets.supremenewyork.com/223305/sw/AHfP8Nx29sk.jpg', 'https://d17ol771963kd3.cloudfront.net/217868/sw/d-HtFOVIdWU.jpg', 'https://assets.supremenewyork.com/223308/sw/Yu_F-VCV9KA.jpg', 'https://assets.supremenewyork.com/223309/sw/Vp9PwZzSl9c.jpg', 'https://d17ol771963kd3.cloudfront.net/217865/sw/EjBloa5lKdk.jpg', 'https://assets.supremenewyork.com/223306/sw/oL83VxWGt9k.jpg', 'https://assets.supremenewyork.com/223307/sw/PtRhgCYZkVI.jpg']",Absent
15,Wool S Logo 6-Panel,http://www.supremenewyork.com/shop/hats/dpkbwe4r3,"9,350","['Blue""', 'Black', 'Red"" ', 'Olive', 'Purpl', 'White', 'Pink""']",Null,"['https://d17ol771963kd3.cloudfront.net/217858/sw/vtSMc3A5gOI.jpg', 'https://assets.supremenewyork.com/222878/sw/9UqfGdjjKV4.jpg', 'https://d17ol771963kd3.cloudfront.net/217857/sw/1p0BDhAFzFQ.jpg', 'https://assets.supremenewyork.com/222877/sw/Tc2Lfd9cGtM.jpg', 'https://d17ol771963kd3.cloudfront.net/217862/sw/O2zB10J1hN4.jpg', 'https://assets.supremenewyork.com/222882/sw/Lbv1Lww8h3M.jpg', 'https://d17ol771963kd3.cloudfront.net/217859/sw/QuNKumTk6dU.jpg', 'https://assets.supremenewyork.com/222879/sw/xxh_8Qn3Aas.jpg', 'https://d17ol771963kd3.cloudfront.net/217856/sw/skO8HyVKGEg.jpg', 'https://assets.supremenewyork.com/222881/sw/yu3roHpGTP4.jpg', 'https://d17ol771963kd3.cloudfront.net/217860/sw/doH-E-m2u_8.jpg', 'https://assets.supremenewyork.com/222883/sw/PiExkDGcLzY.jpg', 'https://d17ol771963kd3.cloudfront.net/217861/sw/AblNKnwsLAY.jpg', 'https://assets.supremenewyork.com/222880/sw/W_ubGXjw0O0.jpg']",Absent
16,Est. 1994 6-Panel,http://www.supremenewyork.com/shop/hats/u1q8c7wtx,"7,700","['Olive', 'Red"" ', 'Teal""', 'Stone', 'Black', 'Purpl']",[],"['https://d17ol771963kd3.cloudfront.net/222234/sw/rDw4BPgOBjg.jpg', 'https://assets.supremenewyork.com/222235/sw/JTpJEXKl1S4.jpg', 'https://d17ol771963kd3.cloudfront.net/222236/sw/3qdSvocVcKM.jpg', 'https://assets.supremenewyork.com/222237/sw/q7NncTZUWd8.jpg', 'https://d17ol771963kd3.cloudfront.net/222240/sw/EPZeTDro5mw.jpg', 'https://assets.supremenewyork.com/222452/sw/lpUtZP0geQQ.jpg', 'https://d17ol771963kd3.cloudfront.net/222238/sw/GxJoJenpqCY.jpg', 'https://assets.supremenewyork.com/222239/sw/vm01Yfn1QRg.jpg', 'https://d17ol771963kd3.cloudfront.net/222232/sw/Urspd1w4dBQ.jpg', 'https://assets.supremenewyork.com/222233/sw/HVunwN8Zb10.jpg', 'https://d17ol771963kd3.cloudfront.net/222251/sw/HU8UYDm0hOc.jpg', 'https://assets.supremenewyork.com/222252/sw/kwMsYRnH1ec.jpg']",Present
17,Wrap Logo Beanie,http://www.supremenewyork.com/shop/hats/otjcefzx2,"5,500","['Turqu', 'Navy""', 'Peach', 'Black', 'White']",Null,"['https://d17ol771963kd3.cloudfront.net/217705/sw/6VVA6CFXdsE.jpg', 'https://assets.supremenewyork.com/217706/sw/y-lzLib5OPY.jpg', 'https://d17ol771963kd3.cloudfront.net/217701/sw/m2aNhysILgA.jpg', 'https://assets.supremenewyork.com/217702/sw/n2eWLpkgrao.jpg', 'https://d17ol771963kd3.cloudfront.net/217703/sw/4THdMN5Rqyk.jpg', 'https://assets.supremenewyork.com/217704/sw/ZFTappQO6iE.jpg', 'https://d17ol771963kd3.cloudfront.net/217699/sw/ZGp2jud4OrQ.jpg', 'https://assets.supremenewyork.com/217700/sw/DBefBQdVHfM.jpg', 'https://d17ol771963kd3.cloudfront.net/217707/sw/0YpqigomodQ.jpg', 'https://assets.supremenewyork.com/217708/sw/wXD04ZDJdQI.jpg']",Absent
18,Snowman Beanie,http://www.supremenewyork.com/shop/hats/xlw5r4xyi,"5,500","['Brown', 'Pale ', 'Light', 'Red"" ', 'Black']",Null,"['https://d17ol771963kd3.cloudfront.net/217732/sw/Pa1gks8Pn1k.jpg', 'https://d17ol771963kd3.cloudfront.net/217734/sw/UbUubWO6NQk.jpg', 'https://d17ol771963kd3.cloudfront.net/217733/sw/T_FsJMZ6C-s.jpg', 'https://d17ol771963kd3.cloudfront.net/217735/sw/zYMxPH7Wj2s.jpg', 'https://d17ol771963kd3.cloudfront.net/217731/sw/t0ezXXSV5Ek.jpg']",Absent
19,Rainbow Speckle Beanie,http://www.supremenewyork.com/shop/hats/nnq4vw5te,"7,150","['White', 'Blue""', 'Yello', 'Black', 'Rust""', 'Pink""']",Null,"['https://d17ol771963kd3.cloudfront.net/217696/sw/SMAhr4kKimw.jpg', 'https://d17ol771963kd3.cloudfront.net/217693/sw/sxxhS-xfzKU.jpg', 'https://d17ol771963kd3.cloudfront.net/217697/sw/FJOSXgz0rLk.jpg', 'https://d17ol771963kd3.cloudfront.net/217692/sw/Zk_qRNUbGw0.jpg', 'https://d17ol771963kd3.cloudfront.net/217695/sw/r37AxFZxo8s.jpg', 'https://d17ol771963kd3.cloudfront.net/217694/sw/wkcc4q84cCw.jpg']",Absent
20,Gonz Nametag Beanie,http://www.supremenewyork.com/shop/hats/qdu2js0nm,"5,500","['Teal""', 'Yello', 'Black', 'Natur', 'Navy""', 'Pink""', 'Brown']",[],"['https://d17ol771963kd3.cloudfront.net/217677/sw/yH6lpViZskY.jpg', 'https://d17ol771963kd3.cloudfront.net/217678/sw/AGjQ8eOU6_U.jpg', 'https://d17ol771963kd3.cloudfront.net/217672/sw/Ai7H9B9v0yI.jpg', 'https://d17ol771963kd3.cloudfront.net/217674/sw/wRazrTi6qnE.jpg', 'https://d17ol771963kd3.cloudfront.net/217675/sw/mq-p2Oq-sn4.jpg', 'https://d17ol771963kd3.cloudfront.net/217676/sw/Vz-ir0bn66g.jpg', 'https://d17ol771963kd3.cloudfront.net/217673/sw/N5OJu1DwjPE.jpg']",Present
21,Shrek Beanie,http://www.supremenewyork.com/shop/hats/y1fbedz60,"5,500","['Black', 'Cardi', 'Brown', 'White', 'Turqu']",[],"['https://d17ol771963kd3.cloudfront.net/218668/sw/0h5FZYsPOyA.jpg', 'https://d17ol771963kd3.cloudfront.net/218666/sw/LTxeF18E0z4.jpg', 'https://d17ol771963kd3.cloudfront.net/218665/sw/kFYSmiK-720.jpg', 'https://d17ol771963kd3.cloudfront.net/218669/sw/sEA5Tkx9TC8.jpg', 'https://d17ol771963kd3.cloudfront.net/218667/sw/KbjEXq1jAb8.jpg']",Present
22,Lady Pink/Supreme Mesh Back 5-Panel,http://www.supremenewyork.com/shop/hats/o8jy02vak,"8,250","['Pink""', 'Royal', 'Black', 'Woodl']",[],"['https://d17ol771963kd3.cloudfront.net/217852/sw/xcyt21z-bmk.jpg', 'https://assets.supremenewyork.com/222454/sw/ZTD8KcTsa_8.jpg', 'https://d17ol771963kd3.cloudfront.net/217854/sw/sKLPOmru1KE.jpg', 'https://assets.supremenewyork.com/222453/sw/vgt6jPkhjjE.jpg', 'https://d17ol771963kd3.cloudfront.net/217853/sw/ZNOViaYcgmc.jpg', 'https://assets.supremenewyork.com/222455/sw/-G9fBV1xgis.jpg', 'https://d17ol771963kd3.cloudfront.net/222248/sw/-9ShNyoJaA4.jpg', 'https://assets.supremenewyork.com/222249/sw/TKfRurPtnUQ.jpg']",Present
23,Supreme®/Missoni® Hooded Sweatshirt,http://www.supremenewyork.com/shop/sweatshirts/qxgntuobf,"30,800","['Black', 'White', 'Brown']",['Large'],"['https://d17ol771963kd3.cloudfront.net/223238/sw/m56ZeX9YC5w.jpg', 'https://assets.supremenewyork.com/223239/sw/MjJ4hdA3I80.jpg', 'https://d17ol771963kd3.cloudfront.net/223242/sw/kKxUL5tLOzA.jpg', 'https://assets.supremenewyork.com/223243/sw/mHhvBM1ccjo.jpg', 'https://d17ol771963kd3.cloudfront.net/223240/sw/2KtEXrLWdZA.jpg', 'https://assets.supremenewyork.com/223241/sw/Mttm7FY7JNI.jpg']",Present
24,Snowman Hooded Sweatshirt,http://www.supremenewyork.com/shop/sweatshirts/vfb90jvs5,"28,600","['Dark ', 'Heath', 'Black', 'Light']",Null,"['https://d17ol771963kd3.cloudfront.net/219313/sw/jyIKYSCuMiI.jpg', 'https://assets.supremenewyork.com/219312/sw/WDkmUwKRpvQ.jpg', 'https://d17ol771963kd3.cloudfront.net/219317/sw/TGmFTsghqg8.jpg', 'https://assets.supremenewyork.com/219316/sw/dJtFXTZzl0M.jpg', 'https://d17ol771963kd3.cloudfront.net/219315/sw/Ng-I1FRb930.jpg', 'https://assets.supremenewyork.com/219314/sw/AXHSRL2YDN8.jpg', 'https://d17ol771963kd3.cloudfront.net/219319/sw/nUZ-zjoQWMo.jpg', 'https://assets.supremenewyork.com/219318/sw/ywoEVuPaDzo.jpg', 'https://d17ol771963kd3.cloudfront.net/219321/sw/td-A06yELgk.jpg', 'https://assets.supremenewyork.com/219320/sw/NBRQPL4UphY.jpg']",Absent
25,Small Box Facemask <br/>Zip Up Hooded Sweatshirt,http://www.supremenewyork.com/shop/sweatshirts/lvp2tx5i1,"29,700","['Yello', 'Heath', 'Cyan""', 'Plum""', 'Natur', 'Black', 'Dark ']","['Medium', 'Large']","['https://d17ol771963kd3.cloudfront.net/219582/sw/NUIBEOiNxUE.jpg', 'https://assets.supremenewyork.com/219581/sw/Y9bfMLA-Ojg.jpg', 'https://d17ol771963kd3.cloudfront.net/219587/sw/pcs5MO-GySY.jpg', 'https://assets.supremenewyork.com/219586/sw/uwpYMM3lNYM.jpg', 'https://d17ol771963kd3.cloudfront.net/219593/sw/a9_zz4xr76Y.jpg', 'https://assets.supremenewyork.com/219592/sw/_V8RW1Y4fs8.jpg', 'https://d17ol771963kd3.cloudfront.net/219589/sw/jzChzb_I4F0.jpg', 'https://assets.supremenewyork.com/219588/sw/ltiA_883I-w.jpg', 'https://d17ol771963kd3.cloudfront.net/219580/sw/1Y5t90YSwFo.jpg', 'https://assets.supremenewyork.com/219579/sw/Hl5Gq__Yfbw.jpg', 'https://d17ol771963kd3.cloudfront.net/219584/sw/rMnb3arJ-kE.jpg', 'https://assets.supremenewyork.com/219583/sw/IPGTa4OBc7s.jpg', 'https://d17ol771963kd3.cloudfront.net/219591/sw/AfgjXb1E_dE.jpg', 'https://assets.supremenewyork.com/219590/sw/-mp7L9u7yfw.jpg']",Present
26,Bleached Hooded Sweatshirt,http://www.supremenewyork.com/shop/sweatshirts/ot1ujfnl5,"27,500","['Black', 'Dark ']","['Small', 'Medium', 'Large', 'XLarge']","['https://d17ol771963kd3.cloudfront.net/219042/sw/F3k09uRu7HE.jpg', 'https://assets.supremenewyork.com/219043/sw/8WVGS-gRBr0.jpg', 'https://d17ol771963kd3.cloudfront.net/219044/sw/SzQPX3aJBvU.jpg', 'https://assets.supremenewyork.com/219045/sw/Cqpn98fPqnw.jpg', 'https://d17ol771963kd3.cloudfront.net/219040/sw/l6tYHqFFX60.jpg', 'https://assets.supremenewyork.com/219041/sw/YJpu9FkOBXo.jpg']",Present
27,Ecstasy Hooded Sweatshirt,http://www.supremenewyork.com/shop/sweatshirts/e7rmz496c,"28,600","['Black', 'Dusty', 'Ash G', 'Dark ']","['Small', 'XLarge']","['https://d17ol771963kd3.cloudfront.net/219300/sw/1PqljY6FpDI.jpg', 'https://d17ol771963kd3.cloudfront.net/219301/sw/gJ4LlJmrLd8.jpg', 'https://d17ol771963kd3.cloudfront.net/219298/sw/0vVhESqf_B8.jpg', 'https://d17ol771963kd3.cloudfront.net/219299/sw/n5uwW4CSzMY.jpg']",Present
28,USA Hooded Sweatshirt,http://www.supremenewyork.com/shop/sweatshirts/ia94jgpmt,"27,500","['Ash G', 'Red"" ', 'Black', 'Light', 'Dark ', 'Purpl']",Null,"['https://d17ol771963kd3.cloudfront.net/219252/sw/zHeKJPeBJaU.jpg', 'https://d17ol771963kd3.cloudfront.net/219251/sw/F6CdvpdbDlg.jpg', 'https://d17ol771963kd3.cloudfront.net/219247/sw/NpMKPBq6sYs.jpg', 'https://d17ol771963kd3.cloudfront.net/219249/sw/onI3qioPL5s.jpg', 'https://d17ol771963kd3.cloudfront.net/219248/sw/Cf4eerfAaCE.jpg', 'https://d17ol771963kd3.cloudfront.net/219250/sw/DTFIPJqjdG8.jpg']",Absent
29,S Logo Split Hooded Sweatshirt,http://www.supremenewyork.com/shop/sweatshirts/pie1rtd4p,"29,700","['Dark ', 'Light', 'Heath', 'Black', 'Tan"" ']","['Small', 'Medium', 'Large', 'XLarge']","['https://assets.supremenewyork.com/219029/sw/qK2Ho9Lz6t0.jpg', 'https://assets.supremenewyork.com/219030/sw/oCPhSJ-RcoY.jpg', 'https://assets.supremenewyork.com/219037/sw/SWhOH4yJgZQ.jpg', 'https://assets.supremenewyork.com/219038/sw/hK-8lXeAIlU.jpg', 'https://assets.supremenewyork.com/219031/sw/a7Z8p_-NTeI.jpg', 'https://assets.supremenewyork.com/219032/sw/ksqC-FaGP7I.jpg', 'https://assets.supremenewyork.com/219033/sw/tUA8B76zZh4.jpg', 'https://assets.supremenewyork.com/219034/sw/ogh9KhUBlFQ.jpg', 'https://assets.supremenewyork.com/219035/sw/Z4ICs_cMJnk.jpg', 'https://assets.supremenewyork.com/219036/sw/FEWHZdOo01c.jpg']",Present
30,Supreme®/Missoni® Sweater,http://www.supremenewyork.com/shop/tops-sweaters/cjc1k5943,"46,200","['White', 'Burgu', 'Black']",Null,"['https://d17ol771963kd3.cloudfront.net/223235/sw/Rvvo9HWYVTs.jpg', 'https://assets.supremenewyork.com/223236/sw/6IrgisNrDG0.jpg', 'https://d17ol771963kd3.cloudfront.net/223233/sw/MSobupbMj7I.jpg', 'https://assets.supremenewyork.com/223234/sw/SIwwMOnMPdc.jpg', 'https://d17ol771963kd3.cloudfront.net/223231/sw/Q4g2hVCezUc.jpg', 'https://assets.supremenewyork.com/223232/sw/gIA2UhSpIa0.jpg']",Absent
31,Supreme®/Missoni® Zip L/S Polo,http://www.supremenewyork.com/shop/tops-sweaters/or3al74u6,"35,200","['Lime""', 'Black']",['Medium'],"['https://d17ol771963kd3.cloudfront.net/223228/sw/CoKaGo_gN08.jpg', 'https://assets.supremenewyork.com/223229/sw/jMR3z88-N6c.jpg', 'https://d17ol771963kd3.cloudfront.net/223226/sw/ORde_jEWfqo.jpg', 'https://assets.supremenewyork.com/223227/sw/jEWxtr9G7-8.jpg']",Present
32,Above All Football Jersey,http://www.supremenewyork.com/shop/tops-sweaters/b0zeqavn8,"15,400","['Green', 'Light', 'Black']","['Small', 'Medium']","['https://d17ol771963kd3.cloudfront.net/218218/sw/fICuWP6W4po.jpg', 'https://assets.supremenewyork.com/218219/sw/wyVjbsf7AOA.jpg', 'https://assets.supremenewyork.com/218826/sw/9MbrRtgCQQw.jpg', 'https://d17ol771963kd3.cloudfront.net/218220/sw/kTHSjunVSiE.jpg', 'https://assets.supremenewyork.com/218221/sw/z8BmQO6bBHE.jpg', 'https://assets.supremenewyork.com/218824/sw/X1M3kiEPIt0.jpg', 'https://d17ol771963kd3.cloudfront.net/218216/sw/OyWBSVRW_HM.jpg', 'https://assets.supremenewyork.com/218217/sw/1zCVj2GmQEo.jpg', 'https://assets.supremenewyork.com/218825/sw/SW8cOhY1mo0.jpg']",Present
33,Supreme®/Mitchell &amp; Ness® <br/>Patchwork Baseball Jersey,http://www.supremenewyork.com/shop/tops-sweaters/elxzcbg1e,"29,700","['Multi', 'Black']","['Small', 'Medium', 'Large', 'XLarge']","['https://d17ol771963kd3.cloudfront.net/218832/sw/Zx63CNydqWA.jpg', 'https://assets.supremenewyork.com/218833/sw/6tXCS3WLY_M.jpg', 'https://assets.supremenewyork.com/218834/sw/kx9lePaA3R4.jpg', 'https://d17ol771963kd3.cloudfront.net/218829/sw/Lwl3PM_k1z0.jpg', 'https://assets.supremenewyork.com/218830/sw/lfK_GIMZvdM.jpg', 'https://assets.supremenewyork.com/218831/sw/CAZ7mVEWuEU.jpg']",Present
34,S/S Pocket Tee,http://www.supremenewyork.com/shop/tops-sweaters/gsvpu04hm,"11,000","['Black', 'Red"" ', 'White', 'Brown', 'Viole', 'Green']",Null,"['https://d17ol771963kd3.cloudfront.net/218807/sw/8gx4lN35T-k.jpg', 'https://d17ol771963kd3.cloudfront.net/218805/sw/BagEsDP3RDs.jpg', 'https://d17ol771963kd3.cloudfront.net/218815/sw/f4EGzi5yLO0.jpg', 'https://d17ol771963kd3.cloudfront.net/218813/sw/kYUsVsDHOa8.jpg', 'https://d17ol771963kd3.cloudfront.net/218809/sw/24gQLGFHNww.jpg', 'https://d17ol771963kd3.cloudfront.net/218811/sw/eNumiQWVDxc.jpg']",Absent
35,Small Box L/S Tee,http://www.supremenewyork.com/shop/tops-sweaters/g83h1ey6g,"11,000","['Olive', 'Dark ', 'Cyan""', 'White', 'Light', 'Black', 'Navy""']",Null,"['https://d17ol771963kd3.cloudfront.net/218124/sw/_c7g8O_iEcs.jpg', 'https://d17ol771963kd3.cloudfront.net/218120/sw/25K2Q2xHB_s.jpg', 'https://d17ol771963kd3.cloudfront.net/218119/sw/31X1Hwl95BI.jpg', 'https://d17ol771963kd3.cloudfront.net/218118/sw/rBFb_8JqOr0.jpg', 'https://d17ol771963kd3.cloudfront.net/218125/sw/1sCG0z-fKlo.jpg', 'https://d17ol771963kd3.cloudfront.net/218121/sw/8CmRX5x4TTI.jpg', 'https://d17ol771963kd3.cloudfront.net/218117/sw/bgZp3q9ydTY.jpg', 'https://d17ol771963kd3.cloudfront.net/218122/sw/0qsmOd0c9Zc.jpg', 'https://d17ol771963kd3.cloudfront.net/218123/sw/IWdnGEWhIU4.jpg']",Absent
36,Geo Arc L/S Top,http://www.supremenewyork.com/shop/tops-sweaters/x3c2xkft6,"15,400","['White', 'Black', 'Pink""', 'Brown', 'Slate']",['XLarge'],"['https://d17ol771963kd3.cloudfront.net/218213/sw/3KSf7ksnkIU.jpg', 'https://assets.supremenewyork.com/218214/sw/6zOOc2Injas.jpg', 'https://d17ol771963kd3.cloudfront.net/218205/sw/ujDTdvaX0ks.jpg', 'https://assets.supremenewyork.com/218206/sw/HCmTdR16K8k.jpg', 'https://d17ol771963kd3.cloudfront.net/218209/sw/HjsQq9f92jI.jpg', 'https://assets.supremenewyork.com/218210/sw/gZvNB4rgsqg.jpg', 'https://d17ol771963kd3.cloudfront.net/218207/sw/HgKuh7590zo.jpg', 'https://assets.supremenewyork.com/218208/sw/j9iQhvoxIFs.jpg', 'https://d17ol771963kd3.cloudfront.net/218211/sw/joSi_l1SUlA.jpg', 'https://assets.supremenewyork.com/218212/sw/rW7XUtnx7U0.jpg']",Present
37,Micro Down Pant,http://www.supremenewyork.com/shop/pants/zcdhg5o7p,"31,900","['Dark ', 'Pink""', 'Black', 'Teal""', 'Leopa']","['Small', 'Medium', 'Large', 'XLarge']","['https://d17ol771963kd3.cloudfront.net/217422/sw/IEEAb4Gpdb0.jpg', 'https://assets.supremenewyork.com/217423/sw/MQqik4r-uTs.jpg', 'https://assets.supremenewyork.com/218870/sw/QzfjkP__ZrQ.jpg', 'https://d17ol771963kd3.cloudfront.net/217430/sw/txRg_JEHpCQ.jpg', 'https://assets.supremenewyork.com/217431/sw/3K8W_e-vb1w.jpg', 'https://assets.supremenewyork.com/218871/sw/zhgng-5Njp0.jpg', 'https://d17ol771963kd3.cloudfront.net/217419/sw/XOL7_Ug_3fE.jpg', 'https://assets.supremenewyork.com/217420/sw/ZW33ad0rxUc.jpg', 'https://assets.supremenewyork.com/218867/sw/AkrvMtCFBWA.jpg', 'https://d17ol771963kd3.cloudfront.net/217435/sw/Nx5Gc0VhZgQ.jpg', 'https://assets.supremenewyork.com/217436/sw/s2ufqAxr06g.jpg', 'https://assets.supremenewyork.com/218868/sw/2kzM3l8ETjY.jpg', 'https://d17ol771963kd3.cloudfront.net/217426/sw/X8ZvUeZJARc.jpg', 'https://assets.supremenewyork.com/217428/sw/TpAboIo-jFY.jpg', 'https://assets.supremenewyork.com/218869/sw/Luy6fXZJDI8.jpg']",Present
38,Zip-Off Utility Pant,http://www.supremenewyork.com/shop/pants/v9rmnpwq6,"25,300","['Denim', 'Khaki', 'Black', 'Purpl']",Null,"['https://d17ol771963kd3.cloudfront.net/218884/sw/Np0kgEa8UTI.jpg', 'https://assets.supremenewyork.com/218886/sw/UvX4R12UxTU.jpg', 'https://assets.supremenewyork.com/218887/sw/E_g7IoUxsRE.jpg', 'https://assets.supremenewyork.com/218889/sw/frMo8uVFY4k.jpg', 'https://d17ol771963kd3.cloudfront.net/218891/sw/w-Te6AVrgh8.jpg', 'https://assets.supremenewyork.com/218893/sw/iHy7nQ1gcnY.jpg', 'https://assets.supremenewyork.com/218894/sw/IZ3RnhzBya0.jpg', 'https://assets.supremenewyork.com/218896/sw/TnDhTQre4EU.jpg', 'https://d17ol771963kd3.cloudfront.net/217439/sw/0fZUU7uIg5Y.jpg', 'https://assets.supremenewyork.com/217440/sw/GozrHxK82jk.jpg', 'https://assets.supremenewyork.com/217442/sw/N2A5AiA2L2s.jpg', 'https://assets.supremenewyork.com/223293/sw/44bnDMQJiVo.jpg', 'https://d17ol771963kd3.cloudfront.net/217445/sw/q9NaJZtsxA8.jpg', 'https://assets.supremenewyork.com/217446/sw/YcU-QchVgQ4.jpg', 'https://assets.supremenewyork.com/217448/sw/JKoy6DSZSTo.jpg', 'https://assets.supremenewyork.com/223292/sw/8wF3OntnQw4.jpg']",Absent
39,Christopher Wool/Supreme<br/>Regular Jean,http://www.supremenewyork.com/shop/pants/nn6bm1avg,"26,400","['Red"" ', 'Black']","['30', '32', '34', '36']","['https://d17ol771963kd3.cloudfront.net/217314/sw/2UOaBkflP78.jpg', 'https://assets.supremenewyork.com/217315/sw/3F1zkhfu7yQ.jpg', 'https://assets.supremenewyork.com/223036/sw/1sj8gyFqxUs.jpg', 'https://d17ol771963kd3.cloudfront.net/217312/sw/nG69Azlbe5s.jpg', 'https://assets.supremenewyork.com/217313/sw/aW_R5GQnGIk.jpg', 'https://assets.supremenewyork.com/218866/sw/hpLdi9PoaUQ.jpg']",Present
40,Cargo Pant,http://www.supremenewyork.com/shop/pants/jk8p3jmtz,"24,200","['Black', 'Olive', 'Red"" ', 'Navy""']","['30', '32', '34', '36']","['https://d17ol771963kd3.cloudfront.net/217457/sw/0SVjKRQvh78.jpg', 'https://assets.supremenewyork.com/217459/sw/cPn0uO9A9ZA.jpg', 'https://assets.supremenewyork.com/217460/sw/Jj6zJq-OgMc.jpg', 'https://d17ol771963kd3.cloudfront.net/217467/sw/cU1k2Fpn5X8.jpg', 'https://assets.supremenewyork.com/217469/sw/-lQwZnUhk2A.jpg', 'https://assets.supremenewyork.com/217470/sw/i4F4FjGEehg.jpg', 'https://d17ol771963kd3.cloudfront.net/217472/sw/F5DRN6FCUsE.jpg', 'https://assets.supremenewyork.com/217474/sw/5dkGSxJG7Hg.jpg', 'https://assets.supremenewyork.com/217475/sw/IrAado6ppOE.jpg', 'https://d17ol771963kd3.cloudfront.net/217452/sw/nOIY_KeOiYw.jpg', 'https://assets.supremenewyork.com/217454/sw/5Z-g2VSGyCA.jpg', 'https://assets.supremenewyork.com/217455/sw/bK38s9QFSms.jpg', 'https://d17ol771963kd3.cloudfront.net/217462/sw/Kqqw_MR-EY8.jpg', 'https://assets.supremenewyork.com/217464/sw/2jRpsdNbtrs.jpg', 'https://assets.supremenewyork.com/217465/sw/6iZoGoOmEPM.jpg']",Present
41,Cotton Cinch Pant,http://www.supremenewyork.com/shop/pants/ypu16h8jl,"18,700","['Dark ', 'Tan"" ', 'Black']",Null,"['https://assets.supremenewyork.com/223029/sw/xn2W9yECWXg.jpg', 'https://assets.supremenewyork.com/223027/sw/TV-Xfua12A8.jpg', 'https://assets.supremenewyork.com/217276/sw/nAELas6C1_o.jpg', 'https://d17ol771963kd3.cloudfront.net/223035/sw/9UTI4H041-U.jpg', 'https://assets.supremenewyork.com/223034/sw/MD3ZQq7N2ds.jpg', 'https://assets.supremenewyork.com/217275/sw/KqyLbX98qZo.jpg', 'https://d17ol771963kd3.cloudfront.net/223031/sw/Zq4nuu1tirA.jpg', 'https://assets.supremenewyork.com/223030/sw/qgRQGerLIU0.jpg', 'https://assets.supremenewyork.com/217274/sw/0sRkk9wFh_U.jpg', 'https://d17ol771963kd3.cloudfront.net/223026/sw/kiY3DqTKZC0.jpg', 'https://assets.supremenewyork.com/223025/sw/FXW7KyQyipg.jpg', 'https://assets.supremenewyork.com/217273/sw/gbODOr9bX5k.jpg']",Absent
42,Chino Pant,http://www.supremenewyork.com/shop/pants/orhpla7ku,"22,000","['Butte', 'Black', 'Navy""', 'Brown']","['30', '32', '34']","['https://d17ol771963kd3.cloudfront.net/217414/sw/GGOI0HGGt2w.jpg', 'https://assets.supremenewyork.com/222031/sw/xE_ydl6cHxk.jpg', 'https://assets.supremenewyork.com/217267/sw/dW7Ie4z_k18.jpg', 'https://d17ol771963kd3.cloudfront.net/217412/sw/9wU8Gl-LaRw.jpg', 'https://assets.supremenewyork.com/222034/sw/bGfqzihAx78.jpg', 'https://assets.supremenewyork.com/217268/sw/vfB_zNGMDHs.jpg', 'https://d17ol771963kd3.cloudfront.net/217415/sw/gUqHVRRJJjI.jpg', 'https://assets.supremenewyork.com/222033/sw/YEs60D-d93I.jpg', 'https://assets.supremenewyork.com/217265/sw/uIHnkV7mfrM.jpg', 'https://d17ol771963kd3.cloudfront.net/217413/sw/Aj2eKVSBb2s.jpg', 'https://assets.supremenewyork.com/222032/sw/2aHhn6ESb_s.jpg', 'https://assets.supremenewyork.com/217266/sw/8_GkfTjW1G0.jpg']",Present
43,Regular Jean,http://www.supremenewyork.com/shop/pants/afiea76t9,"24,200","['Bleac', 'Washe']","['30', '32', '34', '36']","['https://d17ol771963kd3.cloudfront.net/217511/sw/cUbEi9-EMYg.jpg', 'https://assets.supremenewyork.com/217512/sw/VTlC-eP1Z5E.jpg', 'https://assets.supremenewyork.com/221615/sw/kgaSzF0VPcs.jpg', 'https://d17ol771963kd3.cloudfront.net/217513/sw/n6luYfJ5OGQ.jpg', 'https://assets.supremenewyork.com/221607/sw/HRnoXSSBhIY.jpg', 'https://assets.supremenewyork.com/217278/sw/A4SGJRQ4z3g.jpg', 'https://d17ol771963kd3.cloudfront.net/217514/sw/M6fXU5zm8fs.jpg', 'https://assets.supremenewyork.com/217515/sw/GOlT2v4Wu_k.jpg', 'https://assets.supremenewyork.com/217516/sw/4hL5tSCoveQ.jpg']",Present
44,Rigid Slim Jean,http://www.supremenewyork.com/shop/pants/w13oybijp,"26,400",['Rigid'],"['30', '34', '36']","['https://d17ol771963kd3.cloudfront.net/217508/sw/n7h0tKCzjOM.jpg', 'https://assets.supremenewyork.com/217509/sw/6xJ5Fn5dRTI.jpg']",Present
45,Small Box Cargo Sweatpant,http://www.supremenewyork.com/shop/pants/vieasxyrh,"27,500","['Light', 'Dark ', 'Taupe', 'Pink""', 'Orang', 'Black', 'White', 'Charc']",Null,"['https://d17ol771963kd3.cloudfront.net/217623/sw/3-yhKKvtmEg.jpg', 'https://assets.supremenewyork.com/217625/sw/apAT5TO2ZyE.jpg', 'https://d17ol771963kd3.cloudfront.net/217627/sw/RCK2IdYGr5w.jpg', 'https://assets.supremenewyork.com/217629/sw/2PQiAIv3z0c.jpg', 'https://d17ol771963kd3.cloudfront.net/217643/sw/0tfiVLwt8TA.jpg', 'https://assets.supremenewyork.com/217645/sw/Qde9-NPvEjI.jpg', 'https://d17ol771963kd3.cloudfront.net/217639/sw/0aHqeETLByA.jpg', 'https://assets.supremenewyork.com/217641/sw/z6YD-KGwB5E.jpg', 'https://d17ol771963kd3.cloudfront.net/217635/sw/2FU7Qevxnyg.jpg', 'https://assets.supremenewyork.com/217637/sw/RJddab5pT1Y.jpg', 'https://d17ol771963kd3.cloudfront.net/217615/sw/S0vGzyCpSPQ.jpg', 'https://assets.supremenewyork.com/217617/sw/m5E4TuDnAnw.jpg', 'https://d17ol771963kd3.cloudfront.net/217631/sw/eQgMi3migng.jpg', 'https://assets.supremenewyork.com/217633/sw/MOxP9lcxsF0.jpg', 'https://d17ol771963kd3.cloudfront.net/217620/sw/okhAphqqaGw.jpg', 'https://assets.supremenewyork.com/217621/sw/SDd4-wbbD2k.jpg']",Absent
46,Backpack,http://www.supremenewyork.com/shop/bags/rmn0tl57k,"24,200","['Black', 'Orang', 'Woodl', 'Purpl']",[],"['https://d17ol771963kd3.cloudfront.net/216495/sw/3QhusmPGHjE.jpg', 'https://assets.supremenewyork.com/216496/sw/J6-HMBsTryc.jpg', 'https://assets.supremenewyork.com/216494/sw/G6q_a1z0ME0.jpg', 'https://d17ol771963kd3.cloudfront.net/216498/sw/r3i5NmHARCU.jpg', 'https://assets.supremenewyork.com/216499/sw/6z-eUwnVh78.jpg', 'https://assets.supremenewyork.com/216497/sw/e6PZOKIbWgI.jpg', 'https://d17ol771963kd3.cloudfront.net/216504/sw/0KVY-IRghmk.jpg', 'https://assets.supremenewyork.com/216505/sw/iXvTMbThf5w.jpg', 'https://assets.supremenewyork.com/216503/sw/JoJUGYnuH6M.jpg', 'https://d17ol771963kd3.cloudfront.net/216501/sw/73R1M7yHoQI.jpg', 'https://assets.supremenewyork.com/216502/sw/XE5JA4dNy7M.jpg', 'https://assets.supremenewyork.com/216500/sw/OiraX-HMqaw.jpg']",Present
47,Duffle Bag,http://www.supremenewyork.com/shop/bags/w8zq0jxnm,"22,000","['Purpl', 'Black', 'Woodl', 'Orang']",[],"['https://d17ol771963kd3.cloudfront.net/216451/sw/m0fB7nT3H04.jpg', 'https://assets.supremenewyork.com/216450/sw/mgctZedrovA.jpg', 'https://assets.supremenewyork.com/216452/sw/qTHp1OF1GgE.jpg', 'https://assets.supremenewyork.com/216455/sw/26edEy_U70Q.jpg', 'https://d17ol771963kd3.cloudfront.net/216463/sw/4WVsiU6Y2wU.jpg', 'https://assets.supremenewyork.com/216462/sw/NpVpBKMggoM.jpg', 'https://assets.supremenewyork.com/216464/sw/hiWLXp8FhyU.jpg', 'https://assets.supremenewyork.com/216467/sw/jBAcZCf4MHE.jpg', 'https://d17ol771963kd3.cloudfront.net/216457/sw/7vZCdw_p-mI.jpg', 'https://assets.supremenewyork.com/216456/sw/dQ2ER9goEp4.jpg', 'https://assets.supremenewyork.com/216458/sw/ntRkp-z0Cfo.jpg', 'https://assets.supremenewyork.com/216461/sw/GCfIHhRNDgE.jpg', 'https://d17ol771963kd3.cloudfront.net/216445/sw/PXhKDohLT5c.jpg', 'https://assets.supremenewyork.com/216444/sw/er2WzCm4swk.jpg', 'https://assets.supremenewyork.com/216446/sw/ocycKqcMWSA.jpg', 'https://assets.supremenewyork.com/216449/sw/mXwsFDrPRaQ.jpg']",Present
48,Pack Vest,http://www.supremenewyork.com/shop/bags/ipuzsa0h6,"22,000","['Woodl', 'Black', 'Purpl', 'Orang']",[],"['https://d17ol771963kd3.cloudfront.net/216526/sw/7bzQYtZWCG4.jpg', 'https://assets.supremenewyork.com/216527/sw/PfQoFEoS-VA.jpg', 'https://assets.supremenewyork.com/216529/sw/vzXz9R2UmqE.jpg', 'https://d17ol771963kd3.cloudfront.net/216514/sw/LxwxeF3DHaM.jpg', 'https://assets.supremenewyork.com/216515/sw/A931Of8Ma3k.jpg', 'https://assets.supremenewyork.com/216517/sw/WX05UGDPWkw.jpg', 'https://d17ol771963kd3.cloudfront.net/216518/sw/QywCkQStXAk.jpg', 'https://assets.supremenewyork.com/216519/sw/7FX2U0bHlWw.jpg', 'https://assets.supremenewyork.com/216521/sw/GmsdIIkkEVI.jpg', 'https://d17ol771963kd3.cloudfront.net/216522/sw/C2cFsmQKbMU.jpg', 'https://assets.supremenewyork.com/216523/sw/cfUYBjDMWNE.jpg', 'https://assets.supremenewyork.com/216525/sw/2Vdv6zc87wM.jpg']",Present
49,Utility Tote,http://www.supremenewyork.com/shop/bags/l0iue1fk3,"16,500","['Orang', 'Black', 'Woodl', 'Purpl']",[],"['https://d17ol771963kd3.cloudfront.net/216597/sw/KSNGMaY7kB4.jpg', 'https://assets.supremenewyork.com/216598/sw/WeNHUwtP9YY.jpg', 'https://assets.supremenewyork.com/216599/sw/xem1L_QUhJw.jpg', 'https://d17ol771963kd3.cloudfront.net/216594/sw/-XWJrDrbpME.jpg', 'https://assets.supremenewyork.com/216595/sw/10bYpNI6f8o.jpg', 'https://assets.supremenewyork.com/216596/sw/ZYnhBAFXGcY.jpg', 'https://d17ol771963kd3.cloudfront.net/216603/sw/uUFV880vQ0I.jpg', 'https://assets.supremenewyork.com/216604/sw/hULR-a47Yo0.jpg', 'https://assets.supremenewyork.com/216605/sw/OjFUZuXlIn8.jpg', 'https://d17ol771963kd3.cloudfront.net/216600/sw/ck2ejNDTpHE.jpg', 'https://assets.supremenewyork.com/216601/sw/coXwPvCc65k.jpg', 'https://assets.supremenewyork.com/216602/sw/p3ns9eKLH5A.jpg']",Present
50,Side Bag,http://www.supremenewyork.com/shop/bags/poz5gu3kw,"11,000","['Black', 'Purpl', 'Orang', 'Woodl']",[],"['https://d17ol771963kd3.cloudfront.net/216547/sw/HjNCTxw6OXI.jpg', 'https://assets.supremenewyork.com/216550/sw/O9rveGEPKlE.jpg', 'https://d17ol771963kd3.cloudfront.net/216556/sw/S2zWH5dQqG8.jpg', 'https://assets.supremenewyork.com/216559/sw/YB-d5y0JlbQ.jpg', 'https://d17ol771963kd3.cloudfront.net/216574/sw/a3jQE8oxSjI.jpg', 'https://assets.supremenewyork.com/216577/sw/keXo27gKToA.jpg', 'https://d17ol771963kd3.cloudfront.net/216565/sw/sooInsPzBZs.jpg', 'https://assets.supremenewyork.com/216568/sw/l0MVUW-uVMY.jpg']",Present
51,Sling Bag,http://www.supremenewyork.com/shop/bags/kvq268clp,"12,100","['Purpl', 'Black', 'Woodl', 'Orang']",[],"['https://d17ol771963kd3.cloudfront.net/216540/sw/54LTSge-JVg.jpg', 'https://assets.supremenewyork.com/216542/sw/tmJlpzpGZwI.jpg', 'https://d17ol771963kd3.cloudfront.net/216531/sw/9wXFfySCRnw.jpg', 'https://assets.supremenewyork.com/216533/sw/gtoVllEUcNE.jpg', 'https://d17ol771963kd3.cloudfront.net/216534/sw/LnTy1L6mmfQ.jpg', 'https://assets.supremenewyork.com/216536/sw/w371RwmNb4E.jpg', 'https://d17ol771963kd3.cloudfront.net/216537/sw/xI_1N0j9mJg.jpg', 'https://assets.supremenewyork.com/216539/sw/aFh9zmkZ22U.jpg']",Present
52,Neck Pouch,http://www.supremenewyork.com/shop/bags/i1k7al890,"6,600","['Woodl', 'Black', 'Purpl', 'Orang']",[],"['https://d17ol771963kd3.cloudfront.net/216472/sw/KUsTRJsMLZU.jpg', 'https://assets.supremenewyork.com/216473/sw/AbElZTvhWOM.jpg', 'https://d17ol771963kd3.cloudfront.net/216478/sw/OcwPw2VEyhY.jpg', 'https://assets.supremenewyork.com/216479/sw/kMCR4XTJedc.jpg', 'https://d17ol771963kd3.cloudfront.net/216484/sw/dj3GhwJRY3c.jpg', 'https://assets.supremenewyork.com/216485/sw/0x5-LFSDRg8.jpg', 'https://d17ol771963kd3.cloudfront.net/216490/sw/98MazC-WUnY.jpg', 'https://assets.supremenewyork.com/216491/sw/NRSihkWixn8.jpg']",Present
53,Canvas Backpack,http://www.supremenewyork.com/shop/bags/tb6dz0rkc,"15,400","['White', 'Black']",[],"['https://assets.supremenewyork.com/216510/sw/JB6Z_uFyja0.jpg', 'https://assets.supremenewyork.com/216511/sw/0PWjsFF2Dwg.jpg', 'https://assets.supremenewyork.com/216512/sw/38mEs2kFZog.jpg', 'https://assets.supremenewyork.com/216507/sw/_Bewl0qQ8KM.jpg', 'https://assets.supremenewyork.com/216508/sw/x-LRk1FI2i4.jpg', 'https://assets.supremenewyork.com/216509/sw/2oVGIgpEsp4.jpg']",Present
54,Canvas Tote,http://www.supremenewyork.com/shop/bags/t2kdluvfx,"13,200","['Black', 'White']",[],"['https://assets.supremenewyork.com/220983/sw/EXouc0r8vc0.jpg', 'https://assets.supremenewyork.com/220987/sw/45SPZNw9tOs.jpg', 'https://assets.supremenewyork.com/220977/sw/DdEeFW2aQO0.jpg', 'https://assets.supremenewyork.com/220981/sw/jqfbnzuKLYo.jpg']",Present
55,Supreme®/Nike® Air Force 1 Low,http://www.supremenewyork.com/shop/shoes/f2r3txuo8,"11,550","['White', 'Black']",Null,"['https://d17ol771963kd3.cloudfront.net/216335/sw/lkl9PHXzc6U.jpg', 'https://assets.supremenewyork.com/216337/sw/7ZwLdlk21Pg.jpg', 'https://assets.supremenewyork.com/216340/sw/PjgpGsWThTo.jpg', 'https://assets.supremenewyork.com/216341/sw/3eEofTDdNIg.jpg', 'https://d17ol771963kd3.cloudfront.net/216344/sw/vcoY9i92UvM.jpg', 'https://assets.supremenewyork.com/216346/sw/9UaBkuHK84M.jpg', 'https://assets.supremenewyork.com/216349/sw/Qg9yLV9fcVc.jpg', 'https://assets.supremenewyork.com/216350/sw/uYS_MdBOYNI.jpg']",Absent
56,Supreme®/Nike® Air Force 1 Low,http://www.supremenewyork.com/shop/shoes/p1eif952o,"18,150",['Wheat'],Null,"['https://assets.supremenewyork.com/222891/sw/iKoaiRT4Whg.jpg', 'https://assets.supremenewyork.com/222889/sw/dIuZahQg-ks.jpg', 'https://assets.supremenewyork.com/222894/sw/-91hGYbMNQw.jpg', 'https://assets.supremenewyork.com/222895/sw/YNlFxiIN24U.jpg']",Absent
57,Null,http://www.supremenewyork.com/shop/skate/azamhi89,Null,Null,Null,Null,Null
58,Null,http://www.supremenewyork.com/shop/skate/z3w2iorx,Null,Null,Null,Null,Null
59,Null,http://www.supremenewyork.com/shop/skate/nc6yejm4,Null,Null,Null,Null,Null
60,Null,http://www.supremenewyork.com/shop/skate/xcby9upn,Null,Null,Null,Null,Null
61,Sun Damage by Harmony Korine,http://www.supremenewyork.com/shop/accessories/hnrsav1x3,"3,300",['White'],Null,"['https://d17ol771963kd3.cloudfront.net/223280/sw/CI008MKk0m0.jpg', 'https://assets.supremenewyork.com/223283/sw/ZOFHN7Ib0Gw.jpg', 'https://assets.supremenewyork.com/223286/sw/y03e9BNN0Ts.jpg', 'https://assets.supremenewyork.com/223287/sw/AtOUpKewxzY.jpg', 'https://assets.supremenewyork.com/223281/sw/pYnVZ7ZtzAs.jpg']",Absent
62,Supreme®/Duraflame® Fire Log (Pack of 6),http://www.supremenewyork.com/shop/accessories/f50kxozvn,"7,700",['Flame'],[],['https://d17ol771963kd3.cloudfront.net/218358/sw/igvbXTmt3ZA.jpg'],Present
63,Lady Pink/Supreme Tray,http://www.supremenewyork.com/shop/accessories/rx4yigp71,"8,800",['&lt;e'],[],"['https://d17ol771963kd3.cloudfront.net/219331/sw/7Njv4R4u4AA.jpg', 'https://assets.supremenewyork.com/222456/sw/f9C520-LvdI.jpg', 'https://d17ol771963kd3.cloudfront.net/218631/sw/o8A_h71T5zA.jpg', 'https://assets.supremenewyork.com/222457/sw/j68h-ctG9Uk.jpg']",Present
64,Supreme®/Tsubota Pearl Hard Edge Lighter,http://www.supremenewyork.com/shop/accessories/x1jm8e6ls,"7,700","['Blue ', 'Green', 'Red"" ']",[],"['https://assets.supremenewyork.com/218385/sw/_P_EZqDBZEk.jpg', 'https://assets.supremenewyork.com/218386/sw/IZvPrJZayf4.jpg', 'https://assets.supremenewyork.com/218390/sw/QWtyaBAYAN4.jpg', 'https://assets.supremenewyork.com/218391/sw/zfFRyYJ1u18.jpg', 'https://assets.supremenewyork.com/218395/sw/R_7eL6mT4iM.jpg', 'https://assets.supremenewyork.com/218396/sw/nNBFH4AF4N0.jpg']",Present
65,Supreme®/Nite Ize S Logo Keychain,http://www.supremenewyork.com/shop/accessories/d6jnsmkgd,"3,300","['Red"" ', 'Black', 'Purpl', 'Silve']",Null,"['https://d17ol771963kd3.cloudfront.net/218464/sw/YmU1Ql6kSyc.jpg', 'https://assets.supremenewyork.com/218465/sw/Zmx2sJrIakk.jpg', 'https://d17ol771963kd3.cloudfront.net/218460/sw/4B3RBu63jLk.jpg', 'https://assets.supremenewyork.com/218461/sw/ZYF-Tju62A0.jpg', 'https://d17ol771963kd3.cloudfront.net/218462/sw/3m5z0TvdIiE.jpg', 'https://assets.supremenewyork.com/218463/sw/7aUV5q6149c.jpg', 'https://d17ol771963kd3.cloudfront.net/218466/sw/Wxn88JZIfPk.jpg', 'https://assets.supremenewyork.com/218467/sw/oJEklkgOh_U.jpg']",Absent
66,Supreme®/Hanes® Tagless Tees (2 Pack),http://www.supremenewyork.com/shop/accessories/qg9opwia3,"5,500","['Pink""']","['Small', 'Medium', 'Large', 'XLarge']",['https://d17ol771963kd3.cloudfront.net/218596/sw/uKxKSejh-rk.jpg'],Present
67,Supreme®/Hanes® Tagless Tees (3 Pack),http://www.supremenewyork.com/shop/accessories/ys07dgknj,"5,500","['White', 'Black']","['Small', 'Medium', 'Large', 'XLarge']","['https://d17ol771963kd3.cloudfront.net/216332/sw/8bw3KgMHXWc.jpg', 'https://d17ol771963kd3.cloudfront.net/216333/sw/FYnDKn-8jVM.jpg']",Present
68,Supreme®/Hanes® Boxer Briefs (2 Pack),http://www.supremenewyork.com/shop/accessories/t9cx5gupm,"5,500","['Pink""']",Null,['https://d17ol771963kd3.cloudfront.net/218603/sw/86j-lnWUAo0.jpg'],Absent
69,Supreme®/Hanes® Boxer Briefs (4 Pack),http://www.supremenewyork.com/shop/accessories/lo6whmi57,"6,600","['White', 'Black']","['Small', 'Medium', 'Large']","['https://d17ol771963kd3.cloudfront.net/216362/sw/NT1JzG9aiL4.jpg', 'https://d17ol771963kd3.cloudfront.net/216363/sw/C1MdtuacRCo.jpg']",Present
70,Supreme®/Hanes® Crew Socks (4 Pack),http://www.supremenewyork.com/shop/accessories/sfd9kqs2l,"3,520","['Pink""']",[],['https://d17ol771963kd3.cloudfront.net/218592/sw/rLKJXLvUboQ.jpg'],Present
71,Supreme®/Hanes® Crew Socks (4 Pack),http://www.supremenewyork.com/shop/accessories/n3tvhmcxz,"3,520","['White', 'Black']",[],"['https://d17ol771963kd3.cloudfront.net/216354/sw/0Q3Zob0wzjs.jpg', 'https://d17ol771963kd3.cloudfront.net/216355/sw/wNtbwJZ3d5M.jpg']",Present
72,"Supreme®/Stanley® 15"" Saw",http://www.supremenewyork.com/shop/accessories/mdl2whmr6,"11,000","['Red"" ']",[],"['https://d17ol771963kd3.cloudfront.net/218376/sw/TQw66fXo-eM.jpg', 'https://assets.supremenewyork.com/218375/sw/bxpGqBIlxnk.jpg']",Present
73,Supreme®/SIGG 0.75L Food Jar,http://www.supremenewyork.com/shop/accessories/wr5xo63bm,"12,100","['Red"" ', 'Black']",[],"['https://d17ol771963kd3.cloudfront.net/218367/sw/uQ4FZmwZzOA.jpg', 'https://assets.supremenewyork.com/218364/sw/vjCnKCPEtsw.jpg', 'https://d17ol771963kd3.cloudfront.net/218363/sw/Hgw26YGLAKI.jpg', 'https://assets.supremenewyork.com/218360/sw/Bomq7sFI9rA.jpg']",Present
74,Bottle Opener Webbing Keychain,http://www.supremenewyork.com/shop/accessories/kye7tzo4g,"2,970","['Purpl', 'Black', 'Red"" ']",[],"['https://assets.supremenewyork.com/218470/sw/f6y4P01eqi4.jpg', 'https://assets.supremenewyork.com/218469/sw/krQKkydGx2c.jpg', 'https://assets.supremenewyork.com/218471/sw/4peU6ZDjYL0.jpg']",Present
75,Swing Top 1.0L Bottle (Set of 2),http://www.supremenewyork.com/shop/accessories/i9kflos3w,"7,700",['Clear'],[],['https://d17ol771963kd3.cloudfront.net/218382/sw/zQiLKshemD8.jpg'],Present
